beta(v/c),gamma,dt_prime
0.0,1.0,1.0
6.400000000000001e-07,1.000000000000205,1.000000000000205
1.2800000000000002e-06,1.0000000000008193,1.0000000000008193
1.9200000000000003e-06,1.0000000000018432,1.0000000000018432
2.5600000000000005e-06,1.000000000003277,1.000000000003277
3.2000000000000003e-06,1.0000000000051201,1.0000000000051201
3.8400000000000005e-06,1.000000000007373,1.000000000007373
4.480000000000001e-06,1.0000000000100353,1.0000000000100353
5.120000000000001e-06,1.0000000000131073,1.0000000000131073
5.760000000000001e-06,1.000000000016589,1.000000000016589
6.4000000000000006e-06,1.00000000002048,1.00000000002048
7.040000000000001e-06,1.0000000000247808,1.0000000000247808
7.680000000000001e-06,1.0000000000294913,1.0000000000294913
8.320000000000002e-06,1.0000000000346112,1.0000000000346112
8.960000000000002e-06,1.0000000000401408,1.0000000000401408
9.600000000000001e-06,1.00000000004608,1.00000000004608
1.0240000000000002e-05,1.000000000052429,1.000000000052429
1.0880000000000001e-05,1.0000000000591873,1.0000000000591873
1.1520000000000002e-05,1.0000000000663554,1.0000000000663554
1.2160000000000002e-05,1.0000000000739329,1.0000000000739329
1.2800000000000001e-05,1.00000000008192,1.00000000008192
1.3440000000000002e-05,1.0000000000903169,1.0000000000903169
1.4080000000000002e-05,1.0000000000991234,1.0000000000991234
1.4720000000000003e-05,1.0000000001083393,1.0000000001083393
1.5360000000000002e-05,1.000000000117965,1.000000000117965
1.6000000000000003e-05,1.000000000128,1.000000000128
1.6640000000000003e-05,1.0000000001384448,1.0000000001384448
1.7280000000000004e-05,1.0000000001492992,1.0000000001492992
1.7920000000000005e-05,1.0000000001605633,1.0000000001605633
1.8560000000000002e-05,1.000000000172237,1.000000000172237
1.9200000000000003e-05,1.0000000001843201,1.0000000001843201
1.9840000000000003e-05,1.0000000001968128,1.0000000001968128
2.0480000000000004e-05,1.0000000002097154,1.0000000002097154
2.1120000000000004e-05,1.0000000002230274,1.0000000002230274
2.1760000000000002e-05,1.0000000002367488,1.0000000002367488
2.2400000000000002e-05,1.00000000025088,1.00000000025088
2.3040000000000003e-05,1.0000000002654208,1.0000000002654208
2.3680000000000004e-05,1.0000000002803713,1.0000000002803713
2.4320000000000004e-05,1.0000000002957312,1.0000000002957312
2.496e-05,1.0000000003115008,1.0000000003115008
2.5600000000000002e-05,1.00000000032768,1.00000000032768
2.6240000000000003e-05,1.0000000003442688,1.0000000003442688
2.6880000000000004e-05,1.0000000003612672,1.0000000003612672
2.7520000000000008e-05,1.0000000003786753,1.0000000003786753
2.8160000000000005e-05,1.0000000003964928,1.0000000003964928
2.8800000000000005e-05,1.00000000041472,1.00000000041472
2.9440000000000006e-05,1.000000000433357,1.000000000433357
3.0080000000000007e-05,1.0000000004524032,1.0000000004524032
3.0720000000000004e-05,1.0000000004718592,1.0000000004718592
3.1360000000000005e-05,1.0000000004917249,1.0000000004917249
3.2000000000000005e-05,1.000000000512,1.000000000512
3.2640000000000006e-05,1.0000000005326848,1.0000000005326848
3.328000000000001e-05,1.0000000005537792,1.0000000005537792
3.392000000000001e-05,1.0000000005752834,1.0000000005752834
3.456000000000001e-05,1.000000000597197,1.000000000597197
3.520000000000001e-05,1.00000000061952,1.00000000061952
3.584000000000001e-05,1.000000000642253,1.000000000642253
3.648e-05,1.0000000006653953,1.0000000006653953
3.7120000000000004e-05,1.0000000006889473,1.0000000006889473
3.7760000000000004e-05,1.0000000007129088,1.0000000007129088
3.8400000000000005e-05,1.00000000073728,1.00000000073728
3.9040000000000006e-05,1.0000000007620609,1.0000000007620609
3.9680000000000006e-05,1.0000000007872514,1.0000000007872514
4.032000000000001e-05,1.0000000008128513,1.0000000008128513
4.096000000000001e-05,1.000000000838861,1.000000000838861
4.160000000000001e-05,1.00000000086528,1.00000000086528
4.224000000000001e-05,1.0000000008921088,1.0000000008921088
4.288e-05,1.0000000009193473,1.0000000009193473
4.3520000000000003e-05,1.0000000009469954,1.0000000009469954
4.4160000000000004e-05,1.000000000975053,1.000000000975053
4.4800000000000005e-05,1.0000000010035202,1.0000000010035202
4.5440000000000005e-05,1.0000000010323968,1.0000000010323968
4.6080000000000006e-05,1.0000000010616832,1.0000000010616832
4.672000000000001e-05,1.0000000010913792,1.0000000010913792
4.736000000000001e-05,1.000000001121485,1.000000001121485
4.800000000000001e-05,1.000000001152,1.000000001152
4.864000000000001e-05,1.0000000011829249,1.0000000011829249
4.928000000000001e-05,1.0000000012142594,1.0000000012142594
4.992e-05,1.0000000012460033,1.0000000012460033
5.0560000000000004e-05,1.000000001278157,1.000000001278157
5.1200000000000004e-05,1.00000000131072,1.00000000131072
5.1840000000000005e-05,1.000000001343693,1.000000001343693
5.2480000000000006e-05,1.0000000013770753,1.0000000013770753
5.3120000000000006e-05,1.0000000014108672,1.0000000014108672
5.376000000000001e-05,1.000000001445069,1.000000001445069
5.440000000000001e-05,1.0000000014796802,1.0000000014796802
5.5040000000000015e-05,1.0000000015147008,1.0000000015147008
5.568000000000001e-05,1.0000000015501314,1.0000000015501314
5.632000000000001e-05,1.0000000015859714,1.0000000015859714
5.696000000000001e-05,1.0000000016222208,1.0000000016222208
5.760000000000001e-05,1.0000000016588801,1.0000000016588801
5.824000000000001e-05,1.000000001695949,1.000000001695949
5.888000000000001e-05,1.0000000017334272,1.0000000017334272
5.952000000000001e-05,1.0000000017713153,1.0000000017713153
6.0160000000000014e-05,1.000000001809613,1.000000001809613
6.0800000000000014e-05,1.0000000018483202,1.0000000018483202
6.144000000000001e-05,1.0000000018874369,1.0000000018874369
6.208000000000002e-05,1.0000000019269633,1.0000000019269633
6.272000000000001e-05,1.0000000019668993,1.0000000019668993
6.336000000000002e-05,1.0000000020072448,1.0000000020072448
6.400000000000001e-05,1.000000002048,1.000000002048
6.464000000000002e-05,1.0000000020891648,1.0000000020891648
6.528000000000001e-05,1.0000000021307394,1.0000000021307394
6.592e-05,1.0000000021727233,1.0000000021727233
6.656000000000001e-05,1.000000002215117,1.000000002215117
6.720000000000001e-05,1.00000000225792,1.00000000225792
6.784000000000001e-05,1.0000000023011328,1.0000000023011328
6.848000000000001e-05,1.0000000023447553,1.0000000023447553
6.912000000000002e-05,1.0000000023887874,1.0000000023887874
6.976000000000001e-05,1.000000002433229,1.000000002433229
7.040000000000002e-05,1.0000000024780802,1.0000000024780802
7.104000000000001e-05,1.0000000025233409,1.0000000025233409
7.168000000000002e-05,1.0000000025690112,1.0000000025690112
7.232000000000001e-05,1.0000000026150913,1.0000000026150913
7.296e-05,1.000000002661581,1.000000002661581
7.360000000000001e-05,1.00000000270848,1.00000000270848
7.424000000000001e-05,1.000000002755789,1.000000002755789
7.488000000000001e-05,1.0000000028035072,1.0000000028035072
7.552000000000001e-05,1.0000000028516354,1.0000000028516354
7.616000000000002e-05,1.000000002900173,1.000000002900173
7.680000000000001e-05,1.00000000294912,1.00000000294912
7.744000000000002e-05,1.0000000029984768,1.0000000029984768
7.808000000000001e-05,1.0000000030482432,1.0000000030482432
7.872000000000002e-05,1.0000000030984193,1.0000000030984193
7.936000000000001e-05,1.0000000031490048,1.0000000031490048
8e-05,1.0000000032,1.0000000032
8.064000000000001e-05,1.000000003251405,1.000000003251405
8.128000000000001e-05,1.0000000033032193,1.0000000033032193
8.192000000000002e-05,1.0000000033554433,1.0000000033554433
8.256000000000001e-05,1.000000003408077,1.000000003408077
8.320000000000002e-05,1.00000000346112,1.00000000346112
8.384000000000001e-05,1.0000000035145729,1.0000000035145729
8.448000000000002e-05,1.0000000035684353,1.0000000035684353
8.512000000000001e-05,1.0000000036227072,1.0000000036227072
8.576e-05,1.0000000036773888,1.0000000036773888
8.640000000000001e-05,1.00000000373248,1.00000000373248
8.704000000000001e-05,1.0000000037879808,1.0000000037879808
8.768000000000001e-05,1.0000000038438912,1.0000000038438912
8.832000000000001e-05,1.0000000039002113,1.0000000039002113
8.896000000000002e-05,1.0000000039569408,1.0000000039569408
8.960000000000001e-05,1.0000000040140802,1.0000000040140802
9.024000000000002e-05,1.0000000040716288,1.0000000040716288
9.088000000000001e-05,1.0000000041295873,1.0000000041295873
9.152000000000002e-05,1.0000000041879553,1.0000000041879553
9.216000000000001e-05,1.000000004246733,1.000000004246733
9.28e-05,1.00000000430592,1.00000000430592
9.344000000000001e-05,1.0000000043655168,1.0000000043655168
9.408000000000001e-05,1.0000000044255233,1.0000000044255233
9.472000000000001e-05,1.0000000044859392,1.0000000044859392
9.536000000000001e-05,1.000000004546765,1.000000004546765
9.600000000000002e-05,1.000000004608,1.000000004608
9.664000000000001e-05,1.000000004669645,1.000000004669645
9.728000000000002e-05,1.0000000047316993,1.0000000047316993
9.792000000000001e-05,1.0000000047941633,1.0000000047941633
9.856000000000002e-05,1.0000000048570368,1.0000000048570368
9.920000000000001e-05,1.0000000049203202,1.0000000049203202
9.984e-05,1.000000004984013,1.000000004984013
0.00010048000000000001,1.0000000050481153,1.0000000050481153
0.00010112000000000001,1.0000000051126272,1.0000000051126272
0.00010176000000000002,1.0000000051775488,1.0000000051775488
0.00010240000000000001,1.0000000052428801,1.0000000052428801
0.00010304000000000002,1.0000000053086209,1.0000000053086209
0.00010368000000000001,1.0000000053747713,1.0000000053747713
0.00010432000000000002,1.0000000054413314,1.0000000054413314
0.00010496000000000001,1.000000005508301,1.000000005508301
0.0001056,1.0000000055756801,1.0000000055756801
0.00010624000000000001,1.0000000056434688,1.0000000056434688
0.00010688,1.0000000057116674,1.0000000057116674
0.00010752000000000001,1.0000000057802754,1.0000000057802754
0.00010816000000000001,1.0000000058492928,1.0000000058492928
0.00010880000000000002,1.0000000059187202,1.0000000059187202
0.00010944000000000002,1.000000005988557,1.000000005988557
0.00011008000000000003,1.0000000060588032,1.0000000060588032
0.00011072000000000002,1.0000000061294594,1.0000000061294594
0.00011136000000000002,1.000000006200525,1.000000006200525
0.00011200000000000003,1.000000006272,1.000000006272
0.00011264000000000002,1.000000006343885,1.000000006343885
0.00011328000000000003,1.0000000064161794,1.0000000064161794
0.00011392000000000002,1.0000000064888832,1.0000000064888832
0.00011456000000000003,1.000000006561997,1.000000006561997
0.00011520000000000002,1.0000000066355201,1.0000000066355201
0.00011584000000000003,1.000000006709453,1.000000006709453
0.00011648000000000002,1.0000000067837953,1.0000000067837953
0.00011712000000000003,1.0000000068585473,1.0000000068585473
0.00011776000000000002,1.000000006933709,1.000000006933709
0.00011840000000000002,1.00000000700928,1.00000000700928
0.00011904000000000003,1.0000000070852608,1.0000000070852608
0.00011968000000000002,1.0000000071616513,1.0000000071616513
0.00012032000000000003,1.0000000072384514,1.0000000072384514
0.00012096000000000002,1.000000007315661,1.000000007315661
0.00012160000000000003,1.00000000739328,1.00000000739328
0.00012224000000000002,1.000000007471309,1.000000007471309
0.00012288000000000002,1.0000000075497473,1.0000000075497473
0.00012352000000000004,1.0000000076285953,1.0000000076285953
0.00012416000000000003,1.0000000077078528,1.0000000077078528
0.00012480000000000002,1.0000000077875202,1.0000000077875202
0.00012544000000000002,1.0000000078675968,1.0000000078675968
0.00012608,1.0000000079480833,1.0000000079480833
0.00012672000000000003,1.0000000080289793,1.0000000080289793
0.00012736000000000003,1.0000000081102849,1.0000000081102849
0.00012800000000000002,1.0000000081920002,1.0000000081920002
0.00012864000000000002,1.000000008274125,1.000000008274125
0.00012928000000000004,1.0000000083566594,1.0000000083566594
0.00012992000000000003,1.0000000084396032,1.0000000084396032
0.00013056000000000002,1.0000000085229568,1.0000000085229568
0.00013120000000000002,1.00000000860672,1.00000000860672
0.00013184,1.000000008690893,1.000000008690893
0.00013248000000000003,1.0000000087754752,1.0000000087754752
0.00013312000000000003,1.0000000088604672,1.0000000088604672
0.00013376000000000002,1.000000008945869,1.000000008945869
0.00013440000000000001,1.00000000903168,1.00000000903168
0.00013504000000000004,1.0000000091179009,1.0000000091179009
0.00013568000000000003,1.0000000092045314,1.0000000092045314
0.00013632000000000002,1.0000000092915713,1.0000000092915713
0.00013696000000000002,1.000000009379021,1.000000009379021
0.0001376,1.0000000094668802,1.0000000094668802
0.00013824000000000003,1.000000009555149,1.000000009555149
0.00013888000000000003,1.0000000096438273,1.0000000096438273
0.00013952000000000002,1.0000000097329154,1.0000000097329154
0.00014016,1.0000000098224129,1.0000000098224129
0.00014080000000000003,1.00000000991232,1.00000000991232
0.00014144000000000003,1.000000010002637,1.000000010002637
0.00014208000000000002,1.0000000100933633,1.0000000100933633
0.00014272000000000002,1.0000000101844992,1.0000000101844992
0.00014336000000000004,1.000000010276045,1.000000010276045
0.00014400000000000003,1.000000010368,1.000000010368
0.00014464000000000002,1.0000000104603648,1.0000000104603648
0.00014528000000000002,1.0000000105531395,1.0000000105531395
0.00014592,1.0000000106463234,1.0000000106463234
0.00014656000000000003,1.000000010739917,1.000000010739917
0.00014720000000000003,1.0000000108339202,1.0000000108339202
0.00014784000000000002,1.0000000109283331,1.0000000109283331
0.00014848000000000001,1.0000000110231555,1.0000000110231555
0.00014912000000000004,1.0000000111183875,1.0000000111183875
0.00014976000000000003,1.000000011214029,1.000000011214029
0.00015040000000000002,1.0000000113100802,1.0000000113100802
0.00015104000000000002,1.000000011406541,1.000000011406541
0.00015168,1.0000000115034116,1.0000000115034116
0.00015232000000000003,1.0000000116006915,1.0000000116006915
0.00015296000000000003,1.0000000116983812,1.0000000116983812
0.00015360000000000002,1.0000000117964802,1.0000000117964802
0.00015424000000000001,1.000000011894989,1.000000011894989
0.00015488000000000004,1.0000000119939074,1.0000000119939074
0.00015552000000000003,1.0000000120932355,1.0000000120932355
0.00015616000000000002,1.000000012192973,1.000000012192973
0.00015680000000000002,1.0000000122931203,1.0000000122931203
0.00015744000000000004,1.000000012393677,1.000000012393677
0.00015808000000000003,1.0000000124946435,1.0000000124946435
0.00015872000000000003,1.0000000125960196,1.0000000125960196
0.00015936000000000002,1.000000012697805,1.000000012697805
0.00016,1.0000000128000002,1.0000000128000002
0.00016064000000000003,1.000000012902605,1.000000012902605
0.00016128000000000003,1.0000000130056195,1.0000000130056195
0.00016192000000000002,1.0000000131090434,1.0000000131090434
0.00016256000000000002,1.000000013212877,1.000000013212877
0.00016320000000000004,1.0000000133171203,1.0000000133171203
0.00016384000000000003,1.000000013421773,1.000000013421773
0.00016448000000000002,1.0000000135268354,1.0000000135268354
0.00016512000000000002,1.0000000136323075,1.0000000136323075
0.00016576,1.000000013738189,1.000000013738189
0.00016640000000000003,1.0000000138444802,1.0000000138444802
0.00016704000000000003,1.000000013951181,1.000000013951181
0.00016768000000000002,1.0000000140582914,1.0000000140582914
0.00016832000000000001,1.0000000141658114,1.0000000141658114
0.00016896000000000004,1.000000014273741,1.000000014273741
0.00016960000000000003,1.0000000143820802,1.0000000143820802
0.00017024000000000002,1.000000014490829,1.000000014490829
0.00017088000000000002,1.0000000145999874,1.0000000145999874
0.00017152,1.0000000147095554,1.0000000147095554
0.00017216000000000003,1.0000000148195332,1.0000000148195332
0.00017280000000000003,1.0000000149299204,1.0000000149299204
0.00017344000000000002,1.0000000150407171,1.0000000150407171
0.00017408000000000001,1.0000000151519237,1.0000000151519237
0.00017472000000000003,1.0000000152635395,1.0000000152635395
0.00017536000000000003,1.0000000153755653,1.0000000153755653
0.00017600000000000002,1.0000000154880004,1.0000000154880004
0.00017664000000000002,1.0000000156008453,1.0000000156008453
0.00017728000000000004,1.0000000157140996,1.0000000157140996
0.00017792000000000003,1.0000000158277635,1.0000000158277635
0.00017856000000000003,1.0000000159418372,1.0000000159418372
0.00017920000000000002,1.0000000160563205,1.0000000160563205
0.00017984,1.0000000161712133,1.0000000161712133
0.00018048000000000003,1.0000000162865157,1.0000000162865157
0.00018112000000000003,1.0000000164022276,1.0000000164022276
0.00018176000000000002,1.0000000165183491,1.0000000165183491
0.00018240000000000002,1.0000000166348804,1.0000000166348804
0.00018304000000000004,1.0000000167518213,1.0000000167518213
0.00018368000000000003,1.0000000168691716,1.0000000168691716
0.00018432000000000002,1.0000000169869316,1.0000000169869316
0.00018496000000000002,1.0000000171051011,1.0000000171051011
0.0001856,1.0000000172236805,1.0000000172236805
0.00018624000000000003,1.0000000173426693,1.0000000173426693
0.00018688000000000003,1.0000000174620676,1.0000000174620676
0.00018752000000000002,1.0000000175818755,1.0000000175818755
0.00018816000000000001,1.0000000177020931,1.0000000177020931
0.00018880000000000004,1.0000000178227204,1.0000000178227204
0.00018944000000000003,1.0000000179437571,1.0000000179437571
0.00019008000000000002,1.0000000180652036,1.0000000180652036
0.00019072000000000002,1.0000000181870596,1.0000000181870596
0.00019136,1.0000000183093254,1.0000000183093254
0.00019200000000000003,1.0000000184320006,1.0000000184320006
0.00019264000000000003,1.0000000185550855,1.0000000185550855
0.00019328000000000002,1.0000000186785798,1.0000000186785798
0.00019392000000000001,1.0000000188024838,1.0000000188024838
0.00019456000000000003,1.0000000189267975,1.0000000189267975
0.00019520000000000003,1.0000000190515206,1.0000000190515206
0.00019584000000000002,1.0000000191766534,1.0000000191766534
0.00019648000000000002,1.0000000193021958,1.0000000193021958
0.00019712000000000004,1.0000000194281478,1.0000000194281478
0.00019776000000000003,1.0000000195545093,1.0000000195545093
0.00019840000000000002,1.0000000196812806,1.0000000196812806
0.00019904000000000002,1.0000000198084613,1.0000000198084613
0.00019968,1.0000000199360517,1.0000000199360517
0.00020032000000000003,1.0000000200640518,1.0000000200640518
0.00020096000000000003,1.0000000201924615,1.0000000201924615
0.00020160000000000002,1.0000000203212807,1.0000000203212807
0.00020224000000000002,1.0000000204505093,1.0000000204505093
0.00020288000000000004,1.0000000205801478,1.0000000205801478
0.00020352000000000003,1.0000000207101958,1.0000000207101958
0.00020416000000000002,1.0000000208406534,1.0000000208406534
0.00020480000000000002,1.0000000209715205,1.0000000209715205
0.00020544,1.0000000211027975,1.0000000211027975
0.00020608000000000003,1.000000021234484,1.000000021234484
0.00020672000000000003,1.0000000213665798,1.0000000213665798
0.00020736000000000002,1.0000000214990856,1.0000000214990856
0.00020800000000000001,1.0000000216320009,1.0000000216320009
0.00020864000000000004,1.0000000217653255,1.0000000217653255
0.00020928000000000003,1.00000002189906,1.00000002189906
0.00020992000000000002,1.000000022033204,1.000000022033204
0.00021056000000000002,1.0000000221677576,1.0000000221677576
0.0002112,1.0000000223027208,1.0000000223027208
0.00021184000000000003,1.0000000224380936,1.0000000224380936
0.00021248000000000003,1.0000000225738759,1.0000000225738759
0.00021312000000000002,1.000000022710068,1.000000022710068
0.00021376,1.0000000228466694,1.0000000228466694
0.00021440000000000003,1.0000000229836807,1.0000000229836807
0.00021504000000000003,1.0000000231211015,1.0000000231211015
0.00021568000000000002,1.000000023258932,1.000000023258932
0.00021632000000000002,1.000000023397172,1.000000023397172
0.00021696000000000004,1.0000000235358215,1.0000000235358215
0.00021760000000000003,1.000000023674881,1.000000023674881
0.00021824000000000002,1.0000000238143498,1.0000000238143498
0.00021888000000000005,1.0000000239542282,1.0000000239542282
0.00021952000000000004,1.0000000240945162,1.0000000240945162
0.00022016000000000006,1.0000000242352136,1.0000000242352136
0.00022080000000000005,1.000000024376321,1.000000024376321
0.00022144000000000005,1.0000000245178378,1.0000000245178378
0.00022208000000000004,1.000000024659764,1.000000024659764
0.00022272000000000004,1.0000000248021002,1.0000000248021002
0.00022336000000000006,1.0000000249448457,1.0000000249448457
0.00022400000000000005,1.000000025088001,1.000000025088001
0.00022464000000000004,1.0000000252315657,1.0000000252315657
0.00022528000000000004,1.0000000253755401,1.0000000253755401
0.00022592000000000006,1.0000000255199242,1.0000000255199242
0.00022656000000000005,1.0000000256647177,1.0000000256647177
0.00022720000000000005,1.000000025809921,1.000000025809921
0.00022784000000000004,1.000000025955534,1.000000025955534
0.00022848000000000004,1.0000000261015562,1.0000000261015562
0.00022912000000000006,1.0000000262479882,1.0000000262479882
0.00022976000000000005,1.0000000263948299,1.0000000263948299
0.00023040000000000004,1.000000026542081,1.000000026542081
0.00023104000000000004,1.000000026689742,1.000000026689742
0.00023168000000000006,1.0000000268378122,1.0000000268378122
0.00023232000000000005,1.0000000269862923,1.0000000269862923
0.00023296000000000005,1.0000000271351819,1.0000000271351819
0.00023360000000000004,1.0000000272844811,1.0000000272844811
0.00023424000000000006,1.0000000274341898,1.0000000274341898
0.00023488000000000006,1.0000000275843084,1.0000000275843084
0.00023552000000000005,1.0000000277348362,1.0000000277348362
0.00023616000000000004,1.0000000278857741,1.0000000278857741
0.00023680000000000004,1.0000000280371213,1.0000000280371213
0.00023744000000000006,1.0000000281888781,1.0000000281888781
0.00023808000000000005,1.0000000283410444,1.0000000283410444
0.00023872000000000005,1.0000000284936204,1.0000000284936204
0.00023936000000000004,1.000000028646606,1.000000028646606
0.00024000000000000006,1.0000000288000013,1.0000000288000013
0.00024064000000000005,1.000000028953806,1.000000028953806
0.00024128000000000005,1.0000000291080204,1.0000000291080204
0.00024192000000000004,1.0000000292626445,1.0000000292626445
0.00024256000000000004,1.000000029417678,1.000000029417678
0.00024320000000000006,1.0000000295731213,1.0000000295731213
0.00024384000000000005,1.000000029728974,1.000000029728974
0.00024448000000000004,1.0000000298852365,1.0000000298852365
0.00024512000000000004,1.0000000300419085,1.0000000300419085
0.00024576000000000003,1.0000000301989902,1.0000000301989902
0.0002464,1.0000000303564813,1.0000000303564813
0.0002470400000000001,1.0000000305143821,1.0000000305143821
0.00024768000000000007,1.0000000306726926,1.0000000306726926
0.00024832000000000006,1.0000000308314125,1.0000000308314125
0.00024896000000000006,1.0000000309905421,1.0000000309905421
0.00024960000000000005,1.0000000311500814,1.0000000311500814
0.00025024000000000004,1.0000000313100301,1.0000000313100301
0.00025088000000000004,1.0000000314703885,1.0000000314703885
0.00025152000000000003,1.0000000316311568,1.0000000316311568
0.00025216,1.0000000317923343,1.0000000317923343
0.0002528000000000001,1.0000000319539215,1.0000000319539215
0.00025344000000000007,1.0000000321159184,1.0000000321159184
0.00025408000000000006,1.0000000322783247,1.0000000322783247
0.00025472000000000005,1.0000000324411409,1.0000000324411409
0.00025536000000000005,1.0000000326043663,1.0000000326043663
0.00025600000000000004,1.0000000327680016,1.0000000327680016
0.00025664000000000004,1.0000000329320464,1.0000000329320464
0.00025728000000000003,1.0000000330965009,1.0000000330965009
0.00025792,1.0000000332613648,1.0000000332613648
0.00025856000000000007,1.0000000334266386,1.0000000334266386
0.00025920000000000007,1.0000000335923218,1.0000000335923218
0.00025984000000000006,1.0000000337584145,1.0000000337584145
0.00026048000000000005,1.0000000339249169,1.0000000339249169
0.00026112000000000005,1.000000034091829,1.000000034091829
0.00026176000000000004,1.0000000342591506,1.0000000342591506
0.00026240000000000004,1.0000000344268818,1.0000000344268818
0.00026304000000000003,1.0000000345950226,1.0000000345950226
0.00026368,1.000000034763573,1.000000034763573
0.00026432000000000007,1.0000000349325329,1.0000000349325329
0.00026496000000000007,1.0000000351019027,1.0000000351019027
0.00026560000000000006,1.000000035271682,1.000000035271682
0.00026624000000000005,1.0000000354418708,1.0000000354418708
0.00026688000000000005,1.0000000356124692,1.0000000356124692
0.00026752000000000004,1.000000035783477,1.000000035783477
0.00026816000000000003,1.0000000359548946,1.0000000359548946
0.00026880000000000003,1.0000000361267218,1.0000000361267218
0.00026944,1.0000000362989587,1.0000000362989587
0.00027008000000000007,1.000000036471605,1.000000036471605
0.00027072000000000006,1.0000000366446613,1.0000000366446613
0.00027136000000000006,1.000000036818127,1.000000036818127
0.00027200000000000005,1.0000000369920021,1.0000000369920021
0.00027264000000000005,1.000000037166287,1.000000037166287
0.00027328000000000004,1.0000000373409812,1.0000000373409812
0.00027392000000000003,1.0000000375160853,1.0000000375160853
0.00027456000000000003,1.000000037691599,1.000000037691599
0.0002752,1.000000037867522,1.000000037867522
0.00027584000000000007,1.000000038043855,1.000000038043855
0.00027648000000000006,1.0000000382205974,1.0000000382205974
0.00027712000000000006,1.0000000383977494,1.0000000383977494
0.00027776000000000005,1.000000038575311,1.000000038575311
0.00027840000000000005,1.0000000387532821,1.0000000387532821
0.00027904000000000004,1.000000038931663,1.000000038931663
0.00027968000000000003,1.0000000391104535,1.0000000391104535
0.00028032,1.0000000392896535,1.0000000392896535
0.0002809600000000001,1.0000000394692632,1.0000000394692632
0.00028160000000000007,1.0000000396492825,1.0000000396492825
0.00028224000000000006,1.0000000398297113,1.0000000398297113
0.00028288000000000006,1.0000000400105495,1.0000000400105495
0.00028352000000000005,1.0000000401917977,1.0000000401917977
0.00028416000000000004,1.0000000403734552,1.0000000403734552
0.00028480000000000004,1.0000000405555225,1.0000000405555225
0.00028544000000000003,1.0000000407379992,1.0000000407379992
0.00028608,1.0000000409208858,1.0000000409208858
0.0002867200000000001,1.0000000411041818,1.0000000411041818
0.00028736000000000007,1.0000000412878873,1.0000000412878873
0.00028800000000000006,1.0000000414720025,1.0000000414720025
0.00028864000000000006,1.0000000416565273,1.0000000416565273
0.00028928000000000005,1.0000000418414619,1.0000000418414619
0.00028992000000000004,1.0000000420268058,1.0000000420268058
0.00029056000000000004,1.0000000422125594,1.0000000422125594
0.00029120000000000003,1.0000000423987228,1.0000000423987228
0.00029184,1.0000000425852955,1.0000000425852955
0.00029248000000000007,1.000000042772278,1.000000042772278
0.00029312000000000007,1.00000004295967,1.00000004295967
0.00029376000000000006,1.0000000431474716,1.0000000431474716
0.00029440000000000005,1.0000000433356828,1.0000000433356828
0.00029504000000000005,1.0000000435243037,1.0000000435243037
0.00029568000000000004,1.000000043713334,1.000000043713334
0.00029632000000000004,1.000000043902774,1.000000043902774
0.00029696000000000003,1.0000000440926238,1.0000000440926238
0.0002976,1.000000044282883,1.000000044282883
0.00029824000000000007,1.0000000444735517,1.0000000444735517
0.00029888000000000007,1.0000000446646302,1.0000000446646302
0.00029952000000000006,1.0000000448561184,1.0000000448561184
0.00030016000000000005,1.000000045048016,1.000000045048016
0.00030080000000000005,1.000000045240323,1.000000045240323
0.00030144000000000004,1.0000000454330398,1.0000000454330398
0.00030208000000000004,1.0000000456261662,1.0000000456261662
0.00030272000000000003,1.0000000458197023,1.0000000458197023
0.00030336,1.000000046013648,1.000000046013648
0.00030400000000000007,1.0000000462080032,1.0000000462080032
0.00030464000000000006,1.000000046402768,1.000000046402768
0.00030528000000000006,1.0000000465979424,1.0000000465979424
0.00030592000000000005,1.0000000467935264,1.0000000467935264
0.00030656000000000005,1.00000004698952,1.00000004698952
0.00030720000000000004,1.0000000471859234,1.0000000471859234
0.00030784000000000003,1.0000000473827362,1.0000000473827362
0.00030848000000000003,1.0000000475799586,1.0000000475799586
0.00030912,1.0000000477775906,1.0000000477775906
0.00030976000000000007,1.0000000479756321,1.0000000479756321
0.00031040000000000006,1.0000000481740834,1.0000000481740834
0.00031104000000000006,1.0000000483729443,1.0000000483729443
0.00031168000000000005,1.0000000485722147,1.0000000485722147
0.00031232000000000005,1.0000000487718947,1.0000000487718947
0.00031296000000000004,1.0000000489719845,1.0000000489719845
0.00031360000000000003,1.0000000491724836,1.0000000491724836
0.00031424000000000003,1.0000000493733925,1.0000000493733925
0.0003148800000000001,1.000000049574711,1.000000049574711
0.00031552000000000007,1.000000049776439,1.000000049776439
0.00031616000000000006,1.0000000499785766,1.0000000499785766
0.00031680000000000006,1.0000000501811237,1.0000000501811237
0.00031744000000000005,1.0000000503840805,1.0000000503840805
0.00031808000000000004,1.0000000505874471,1.0000000505874471
0.00031872000000000004,1.000000050791223,1.000000050791223
0.00031936000000000003,1.0000000509954088,1.0000000509954088
0.00032,1.000000051200004,1.000000051200004
0.0003206400000000001,1.0000000514050087,1.0000000514050087
0.00032128000000000007,1.000000051610423,1.000000051610423
0.00032192000000000006,1.0000000518162473,1.0000000518162473
0.00032256000000000006,1.000000052022481,1.000000052022481
0.00032320000000000005,1.0000000522291241,1.0000000522291241
0.00032384000000000004,1.000000052436177,1.000000052436177
0.00032448000000000004,1.0000000526436392,1.0000000526436392
0.00032512000000000003,1.0000000528515114,1.0000000528515114
0.00032576,1.000000053059793,1.000000053059793
0.0003264000000000001,1.0000000532684843,1.0000000532684843
0.00032704000000000007,1.000000053477585,1.000000053477585
0.00032768000000000006,1.0000000536870954,1.0000000536870954
0.00032832000000000005,1.0000000538970155,1.0000000538970155
0.00032896000000000005,1.0000000541073453,1.0000000541073453
0.00032960000000000004,1.0000000543180845,1.0000000543180845
0.00033024000000000004,1.0000000545292331,1.0000000545292331
0.00033088000000000003,1.0000000547407917,1.0000000547407917
0.00033152,1.0000000549527597,1.0000000549527597
0.00033216000000000007,1.0000000551651373,1.0000000551651373
0.00033280000000000007,1.0000000553779247,1.0000000553779247
0.00033344000000000006,1.0000000555911215,1.0000000555911215
0.00033408000000000005,1.000000055804728,1.000000055804728
0.00033472000000000005,1.0000000560187439,1.0000000560187439
0.00033536000000000004,1.0000000562331695,1.0000000562331695
0.00033600000000000004,1.0000000564480047,1.0000000564480047
0.00033664000000000003,1.0000000566632496,1.0000000566632496
0.00033728,1.000000056878904,1.000000056878904
0.00033792000000000007,1.000000057094968,1.000000057094968
0.00033856000000000007,1.0000000573114418,1.0000000573114418
0.00033920000000000006,1.000000057528325,1.000000057528325
0.00033984000000000005,1.0000000577456178,1.0000000577456178
0.00034048000000000005,1.0000000579633204,1.0000000579633204
0.00034112000000000004,1.0000000581814323,1.0000000581814323
0.00034176000000000003,1.000000058399954,1.000000058399954
0.00034240000000000003,1.000000058618885,1.000000058618885
0.00034304,1.000000058838226,1.000000058838226
0.00034368000000000007,1.0000000590579765,1.0000000590579765
0.00034432000000000006,1.0000000592781364,1.0000000592781364
0.00034496000000000006,1.000000059498706,1.000000059498706
0.00034560000000000005,1.0000000597196854,1.0000000597196854
0.00034624000000000005,1.000000059941074,1.000000059941074
0.00034688000000000004,1.0000000601628727,1.0000000601628727
0.00034752000000000003,1.0000000603850807,1.0000000603850807
0.00034816000000000003,1.0000000606076984,1.0000000606076984
0.0003488,1.0000000608307256,1.0000000608307256
0.00034944000000000007,1.0000000610541624,1.0000000610541624
0.00035008000000000006,1.000000061278009,1.000000061278009
0.00035072000000000006,1.0000000615022648,1.0000000615022648
0.00035136000000000005,1.0000000617269305,1.0000000617269305
0.00035200000000000005,1.0000000619520057,1.0000000619520057
0.00035264000000000004,1.0000000621774905,1.0000000621774905
0.00035328000000000003,1.0000000624033851,1.0000000624033851
0.00035392,1.0000000626296892,1.0000000626296892
0.0003545600000000001,1.0000000628564027,1.0000000628564027
0.00035520000000000007,1.000000063083526,1.000000063083526
0.00035584000000000006,1.0000000633110588,1.0000000633110588
0.00035648000000000006,1.0000000635390012,1.0000000635390012
0.00035712000000000005,1.0000000637673532,1.0000000637673532
0.00035776000000000004,1.0000000639961149,1.0000000639961149
0.00035840000000000004,1.0000000642252862,1.0000000642252862
0.00035904000000000003,1.000000064454867,1.000000064454867
0.00035968,1.0000000646848575,1.0000000646848575
0.0003603200000000001,1.0000000649152574,1.0000000649152574
0.00036096000000000007,1.0000000651460672,1.0000000651460672
0.00036160000000000006,1.0000000653772865,1.0000000653772865
0.00036224000000000006,1.0000000656089152,1.0000000656089152
0.00036288000000000005,1.0000000658409538,1.0000000658409538
0.00036352000000000004,1.0000000660734019,1.0000000660734019
0.00036416000000000004,1.0000000663062594,1.0000000663062594
0.00036480000000000003,1.0000000665395266,1.0000000665395266
0.00036544,1.0000000667732036,1.0000000667732036
0.00036608000000000007,1.00000006700729,1.00000006700729
0.00036672000000000007,1.000000067241786,1.000000067241786
0.00036736000000000006,1.0000000674766918,1.0000000674766918
0.00036800000000000005,1.000000067712007,1.000000067712007
0.00036864000000000005,1.0000000679477317,1.0000000679477317
0.00036928000000000004,1.000000068183866,1.000000068183866
0.00036992000000000004,1.0000000684204102,1.0000000684204102
0.00037056000000000003,1.0000000686573638,1.0000000686573638
0.0003712,1.000000068894727,1.000000068894727
0.00037184000000000007,1.0000000691325,1.0000000691325
0.00037248000000000007,1.0000000693706825,1.0000000693706825
0.00037312000000000006,1.0000000696092743,1.0000000696092743
0.00037376000000000005,1.000000069848276,1.000000069848276
0.00037440000000000005,1.0000000700876874,1.0000000700876874
0.00037504000000000004,1.0000000703275083,1.0000000703275083
0.00037568000000000004,1.0000000705677385,1.0000000705677385
0.00037632000000000003,1.0000000708083787,1.0000000708083787
0.00037696,1.0000000710494283,1.0000000710494283
0.00037760000000000007,1.0000000712908876,1.0000000712908876
0.00037824000000000006,1.0000000715327566,1.0000000715327566
0.00037888000000000006,1.000000071775035,1.000000071775035
0.00037952000000000005,1.000000072017723,1.000000072017723
0.00038016000000000005,1.0000000722608207,1.0000000722608207
0.00038080000000000004,1.0000000725043279,1.0000000725043279
0.00038144000000000003,1.0000000727482448,1.0000000727482448
0.00038208000000000003,1.000000072992571,1.000000072992571
0.00038272,1.0000000732373073,1.0000000732373073
0.00038336000000000007,1.0000000734824528,1.0000000734824528
0.00038400000000000006,1.0000000737280081,1.0000000737280081
0.00038464000000000006,1.000000073973973,1.000000073973973
0.00038528000000000005,1.0000000742203474,1.0000000742203474
0.00038592000000000005,1.0000000744671314,1.0000000744671314
0.00038656000000000004,1.0000000747143252,1.0000000747143252
0.00038720000000000003,1.0000000749619284,1.0000000749619284
0.00038784000000000003,1.0000000752099412,1.0000000752099412
0.0003884800000000001,1.0000000754583638,1.0000000754583638
0.00038912000000000007,1.0000000757071958,1.0000000757071958
0.00038976000000000006,1.0000000759564374,1.0000000759564374
0.00039040000000000006,1.0000000762060888,1.0000000762060888
0.00039104000000000005,1.0000000764561496,1.0000000764561496
0.00039168000000000004,1.00000007670662,1.00000007670662
0.00039232000000000004,1.0000000769575002,1.0000000769575002
0.00039296000000000003,1.0000000772087898,1.0000000772087898
0.0003936,1.0000000774604891,1.0000000774604891
0.0003942400000000001,1.000000077712598,1.000000077712598
0.00039488000000000007,1.0000000779651164,1.0000000779651164
0.00039552000000000006,1.0000000782180445,1.0000000782180445
0.00039616000000000006,1.000000078471382,1.000000078471382
0.00039680000000000005,1.0000000787251293,1.0000000787251293
0.00039744000000000004,1.0000000789792862,1.0000000789792862
0.00039808000000000004,1.0000000792338526,1.0000000792338526
0.00039872000000000003,1.0000000794888286,1.0000000794888286
0.00039936,1.0000000797442143,1.0000000797442143
0.0004000000000000001,1.0000000800000095,1.0000000800000095
0.00040064000000000007,1.0000000802562146,1.0000000802562146
0.00040128000000000006,1.0000000805128288,1.0000000805128288
0.00040192000000000005,1.000000080769853,1.000000080769853
0.00040256000000000005,1.0000000810272867,1.0000000810272867
0.00040320000000000004,1.00000008128513,1.00000008128513
0.00040384000000000004,1.0000000815433827,1.0000000815433827
0.00040448000000000003,1.0000000818020454,1.0000000818020454
0.00040512,1.0000000820611172,1.0000000820611172
0.00040576000000000007,1.000000082320599,1.000000082320599
0.00040640000000000007,1.0000000825804902,1.0000000825804902
0.00040704000000000006,1.0000000828407911,1.0000000828407911
0.00040768000000000005,1.0000000831015017,1.0000000831015017
0.00040832000000000005,1.0000000833626217,1.0000000833626217
0.00040896000000000004,1.0000000836241512,1.0000000836241512
0.00040960000000000004,1.0000000838860905,1.0000000838860905
0.00041024000000000003,1.0000000841484393,1.0000000841484393
0.00041088,1.000000084411198,1.000000084411198
0.00041152000000000007,1.000000084674366,1.000000084674366
0.00041216000000000007,1.0000000849379436,1.0000000849379436
0.00041280000000000006,1.0000000852019308,1.0000000852019308
0.00041344000000000005,1.0000000854663278,1.0000000854663278
0.00041408000000000005,1.0000000857311342,1.0000000857311342
0.00041472000000000004,1.0000000859963503,1.0000000859963503
0.00041536000000000003,1.000000086261976,1.000000086261976
0.00041600000000000003,1.0000000865280112,1.0000000865280112
0.00041664,1.000000086794456,1.000000086794456
0.00041728000000000007,1.0000000870613106,1.0000000870613106
0.00041792000000000006,1.0000000873285746,1.0000000873285746
0.00041856000000000006,1.0000000875962485,1.0000000875962485
0.00041920000000000005,1.0000000878643316,1.0000000878643316
0.00041984000000000005,1.0000000881328244,1.0000000881328244
0.00042048000000000004,1.000000088401727,1.000000088401727
0.00042112000000000003,1.000000088671039,1.000000088671039
0.00042176000000000003,1.0000000889407608,1.0000000889407608
0.0004224,1.000000089210892,1.000000089210892
0.00042304000000000007,1.000000089481433,1.000000089481433
0.00042368000000000006,1.0000000897523833,1.0000000897523833
0.00042432000000000006,1.0000000900237433,1.0000000900237433
0.00042496000000000005,1.000000090295513,1.000000090295513
0.00042560000000000005,1.0000000905676922,1.0000000905676922
0.00042624000000000004,1.0000000908402813,1.0000000908402813
0.00042688000000000003,1.0000000911132796,1.0000000911132796
0.00042752,1.0000000913866878,1.0000000913866878
0.0004281600000000001,1.0000000916605054,1.0000000916605054
0.00042880000000000007,1.0000000919347327,1.0000000919347327
0.00042944000000000006,1.0000000922093695,1.0000000922093695
0.00043008000000000006,1.0000000924844161,1.0000000924844161
0.00043072000000000005,1.000000092759872,1.000000092759872
0.00043136000000000004,1.0000000930357378,1.0000000930357378
0.00043200000000000004,1.000000093312013,1.000000093312013
0.00043264000000000003,1.000000093588698,1.000000093588698
0.00043328,1.0000000938657925,1.0000000938657925
0.0004339200000000001,1.0000000941432965,1.0000000941432965
0.00043456000000000007,1.0000000944212102,1.0000000944212102
0.00043520000000000006,1.0000000946995333,1.0000000946995333
0.00043584000000000006,1.0000000949782664,1.0000000949782664
0.00043648000000000005,1.0000000952574088,1.0000000952574088
0.0004371200000000001,1.000000095536961,1.000000095536961
0.0004377600000000001,1.0000000958169226,1.0000000958169226
0.0004384000000000001,1.000000096097294,1.000000096097294
0.0004390400000000001,1.0000000963780746,1.0000000963780746
0.0004396800000000001,1.0000000966592653,1.0000000966592653
0.0004403200000000001,1.0000000969408653,1.0000000969408653
0.0004409600000000001,1.000000097222875,1.000000097222875
0.0004416000000000001,1.0000000975052943,1.0000000975052943
0.0004422400000000001,1.0000000977881232,1.0000000977881232
0.0004428800000000001,1.0000000980713617,1.0000000980713617
0.0004435200000000001,1.0000000983550097,1.0000000983550097
0.0004441600000000001,1.0000000986390674,1.0000000986390674
0.0004448000000000001,1.0000000989235347,1.0000000989235347
0.00044544000000000007,1.0000000992084115,1.0000000992084115
0.0004460800000000001,1.0000000994936982,1.0000000994936982
0.0004467200000000001,1.000000099779394,1.000000099779394
0.0004473600000000001,1.0000001000654999,1.0000001000654999
0.0004480000000000001,1.0000001003520151,1.0000001003520151
0.0004486400000000001,1.00000010063894,1.00000010063894
0.0004492800000000001,1.0000001009262744,1.0000001009262744
0.0004499200000000001,1.0000001012140185,1.0000001012140185
0.0004505600000000001,1.0000001015021722,1.0000001015021722
0.00045120000000000007,1.0000001017907356,1.0000001017907356
0.0004518400000000001,1.0000001020797085,1.0000001020797085
0.0004524800000000001,1.000000102369091,1.000000102369091
0.0004531200000000001,1.000000102658883,1.000000102658883
0.0004537600000000001,1.0000001029490848,1.0000001029490848
0.0004544000000000001,1.0000001032396961,1.0000001032396961
0.0004550400000000001,1.0000001035307169,1.0000001035307169
0.0004556800000000001,1.0000001038221475,1.0000001038221475
0.0004563200000000001,1.0000001041139874,1.0000001041139874
0.00045696000000000007,1.0000001044062372,1.0000001044062372
0.0004576000000000001,1.0000001046988964,1.0000001046988964
0.0004582400000000001,1.0000001049919653,1.0000001049919653
0.0004588800000000001,1.0000001052854437,1.0000001052854437
0.0004595200000000001,1.000000105579332,1.000000105579332
0.0004601600000000001,1.0000001058736296,1.0000001058736296
0.0004608000000000001,1.000000106168337,1.000000106168337
0.0004614400000000001,1.0000001064634538,1.0000001064634538
0.0004620800000000001,1.0000001067589803,1.0000001067589803
0.0004627200000000001,1.0000001070549165,1.0000001070549165
0.0004633600000000001,1.000000107351262,1.000000107351262
0.0004640000000000001,1.0000001076480174,1.0000001076480174
0.0004646400000000001,1.0000001079451821,1.0000001079451821
0.0004652800000000001,1.0000001082427568,1.0000001082427568
0.0004659200000000001,1.0000001085407408,1.0000001085407408
0.0004665600000000001,1.0000001088391346,1.0000001088391346
0.0004672000000000001,1.0000001091379378,1.0000001091379378
0.0004678400000000001,1.0000001094371507,1.0000001094371507
0.0004684800000000001,1.0000001097367732,1.0000001097367732
0.0004691200000000001,1.0000001100368054,1.0000001100368054
0.0004697600000000001,1.0000001103372471,1.0000001103372471
0.0004704000000000001,1.0000001106380985,1.0000001106380985
0.0004710400000000001,1.0000001109393593,1.0000001109393593
0.0004716800000000001,1.0000001112410297,1.0000001112410297
0.0004723200000000001,1.0000001115431099,1.0000001115431099
0.0004729600000000001,1.0000001118455994,1.0000001118455994
0.0004736000000000001,1.000000112148499,1.000000112148499
0.0004742400000000001,1.0000001124518076,1.0000001124518076
0.0004748800000000001,1.0000001127555262,1.0000001127555262
0.0004755200000000001,1.0000001130596545,1.0000001130596545
0.0004761600000000001,1.000000113364192,1.000000113364192
0.0004768000000000001,1.0000001136691394,1.0000001136691394
0.0004774400000000001,1.0000001139744963,1.0000001139744963
0.0004780800000000001,1.0000001142802628,1.0000001142802628
0.0004787200000000001,1.000000114586439,1.000000114586439
0.00047936000000000007,1.0000001148930244,1.0000001148930244
0.0004800000000000001,1.00000011520002,1.00000011520002
0.0004806400000000001,1.000000115507425,1.000000115507425
0.0004812800000000001,1.0000001158152392,1.0000001158152392
0.0004819200000000001,1.0000001161234635,1.0000001161234635
0.0004825600000000001,1.0000001164320973,1.0000001164320973
0.0004832000000000001,1.0000001167411403,1.0000001167411403
0.0004838400000000001,1.0000001170505934,1.0000001170505934
0.0004844800000000001,1.000000117360456,1.000000117360456
0.00048512000000000007,1.0000001176707278,1.0000001176707278
0.0004857600000000001,1.0000001179814098,1.0000001179814098
0.0004864000000000001,1.0000001182925011,1.0000001182925011
0.0004870400000000001,1.000000118604002,1.000000118604002
0.0004876800000000001,1.0000001189159125,1.0000001189159125
0.0004883200000000001,1.0000001192282326,1.0000001192282326
0.0004889600000000001,1.0000001195409622,1.0000001195409622
0.0004896000000000001,1.0000001198541015,1.0000001198541015
0.0004902400000000001,1.0000001201676505,1.0000001201676505
0.0004908800000000001,1.000000120481609,1.000000120481609
0.0004915200000000001,1.000000120795977,1.000000120795977
0.0004921600000000001,1.0000001211107548,1.0000001211107548
0.0004928,1.000000121425942,1.000000121425942
0.00049344,1.000000121741539,1.000000121741539
0.0004940800000000001,1.0000001220575456,1.0000001220575456
0.0004947200000000001,1.0000001223739616,1.0000001223739616
0.0004953600000000001,1.0000001226907873,1.0000001226907873
0.0004960000000000001,1.0000001230080227,1.0000001230080227
0.0004966400000000001,1.0000001233256675,1.0000001233256675
0.0004972800000000001,1.0000001236437221,1.0000001236437221
0.0004979200000000001,1.0000001239621863,1.0000001239621863
0.0004985600000000001,1.00000012428106,1.00000012428106
0.0004992000000000001,1.0000001246003432,1.0000001246003432
0.0004998400000000001,1.000000124920036,1.000000124920036
0.0005004800000000001,1.0000001252401387,1.0000001252401387
0.0005011200000000001,1.000000125560651,1.000000125560651
0.0005017600000000001,1.0000001258815725,1.0000001258815725
0.0005024000000000001,1.000000126202904,1.000000126202904
0.0005030400000000001,1.0000001265246448,1.0000001265246448
0.0005036800000000001,1.0000001268467953,1.0000001268467953
0.00050432,1.0000001271693555,1.0000001271693555
0.00050496,1.0000001274923251,1.0000001274923251
0.0005056000000000001,1.0000001278157045,1.0000001278157045
0.0005062400000000001,1.0000001281394935,1.0000001281394935
0.0005068800000000001,1.000000128463692,1.000000128463692
0.0005075200000000001,1.0000001287883,1.0000001287883
0.0005081600000000001,1.0000001291133178,1.0000001291133178
0.0005088000000000001,1.000000129438745,1.000000129438745
0.0005094400000000001,1.000000129764582,1.000000129764582
0.0005100800000000001,1.0000001300908286,1.0000001300908286
0.0005107200000000001,1.0000001304174848,1.0000001304174848
0.0005113600000000001,1.0000001307445503,1.0000001307445503
0.0005120000000000001,1.0000001310720257,1.0000001310720257
0.0005126400000000001,1.0000001313999107,1.0000001313999107
0.0005132800000000001,1.0000001317282052,1.0000001317282052
0.0005139200000000001,1.0000001320569094,1.0000001320569094
0.0005145600000000001,1.000000132386023,1.000000132386023
0.0005152000000000001,1.0000001327155463,1.0000001327155463
0.00051584,1.0000001330454793,1.0000001330454793
0.0005164800000000002,1.000000133375822,1.000000133375822
0.0005171200000000001,1.000000133706574,1.000000133706574
0.0005177600000000001,1.0000001340377358,1.0000001340377358
0.0005184000000000001,1.000000134369307,1.000000134369307
0.0005190400000000001,1.0000001347012881,1.0000001347012881
0.0005196800000000001,1.0000001350336787,1.0000001350336787
0.0005203200000000001,1.0000001353664787,1.0000001353664787
0.0005209600000000001,1.0000001356996884,1.0000001356996884
0.0005216000000000001,1.0000001360333077,1.0000001360333077
0.0005222400000000001,1.0000001363673368,1.0000001363673368
0.0005228800000000001,1.0000001367017752,1.0000001367017752
0.0005235200000000001,1.0000001370366234,1.0000001370366234
0.0005241600000000001,1.000000137371881,1.000000137371881
0.0005248000000000001,1.0000001377075485,1.0000001377075485
0.0005254400000000001,1.0000001380436254,1.0000001380436254
0.0005260800000000001,1.000000138380112,1.000000138380112
0.00052672,1.000000138717008,1.000000138717008
0.00052736,1.0000001390543138,1.0000001390543138
0.0005280000000000001,1.0000001393920293,1.0000001393920293
0.0005286400000000001,1.0000001397301541,1.0000001397301541
0.0005292800000000001,1.0000001400686886,1.0000001400686886
0.0005299200000000001,1.0000001404076329,1.0000001404076329
0.0005305600000000001,1.0000001407469865,1.0000001407469865
0.0005312000000000001,1.0000001410867498,1.0000001410867498
0.0005318400000000001,1.0000001414269228,1.0000001414269228
0.0005324800000000001,1.0000001417675055,1.0000001417675055
0.0005331200000000001,1.0000001421084974,1.0000001421084974
0.0005337600000000001,1.0000001424498992,1.0000001424498992
0.0005344000000000001,1.0000001427917105,1.0000001427917105
0.0005350400000000001,1.0000001431339316,1.0000001431339316
0.0005356800000000001,1.0000001434765622,1.0000001434765622
0.0005363200000000001,1.0000001438196022,1.0000001438196022
0.0005369600000000001,1.000000144163052,1.000000144163052
0.0005376000000000001,1.0000001445069113,1.0000001445069113
0.00053824,1.0000001448511802,1.0000001448511802
0.00053888,1.0000001451958587,1.0000001451958587
0.0005395200000000001,1.0000001455409468,1.0000001455409468
0.0005401600000000001,1.0000001458864447,1.0000001458864447
0.0005408000000000001,1.000000146232352,1.000000146232352
0.0005414400000000001,1.000000146578669,1.000000146578669
0.0005420800000000001,1.0000001469253956,1.0000001469253956
0.0005427200000000001,1.0000001472725317,1.0000001472725317
0.0005433600000000001,1.0000001476200775,1.0000001476200775
0.0005440000000000001,1.000000147968033,1.000000147968033
0.0005446400000000001,1.0000001483163978,1.0000001483163978
0.0005452800000000001,1.0000001486651724,1.0000001486651724
0.0005459200000000001,1.0000001490143566,1.0000001490143566
0.0005465600000000001,1.00000014936395,1.00000014936395
0.0005472000000000001,1.0000001497139535,1.0000001497139535
0.0005478400000000001,1.0000001500643665,1.0000001500643665
0.0005484800000000001,1.0000001504151892,1.0000001504151892
0.0005491200000000001,1.0000001507664213,1.0000001507664213
0.00054976,1.000000151118063,1.000000151118063
0.0005504,1.0000001514701145,1.0000001514701145
0.0005510400000000001,1.0000001518225754,1.0000001518225754
0.0005516800000000001,1.000000152175446,1.000000152175446
0.0005523200000000001,1.000000152528726,1.000000152528726
0.0005529600000000001,1.0000001528824158,1.0000001528824158
0.0005536000000000001,1.0000001532365153,1.0000001532365153
0.0005542400000000001,1.0000001535910241,1.0000001535910241
0.0005548800000000001,1.0000001539459427,1.0000001539459427
0.0005555200000000001,1.0000001543012709,1.0000001543012709
0.0005561600000000001,1.0000001546570088,1.0000001546570088
0.0005568000000000001,1.000000155013156,1.000000155013156
0.0005574400000000001,1.000000155369713,1.000000155369713
0.0005580800000000001,1.0000001557266796,1.0000001557266796
0.0005587200000000001,1.0000001560840557,1.0000001560840557
0.0005593600000000001,1.0000001564418415,1.0000001564418415
0.0005600000000000001,1.000000156800037,1.000000156800037
0.00056064,1.0000001571586419,1.0000001571586419
0.00056128,1.0000001575176565,1.0000001575176565
0.0005619200000000001,1.0000001578770805,1.0000001578770805
0.0005625600000000001,1.0000001582369145,1.0000001582369145
0.0005632000000000001,1.0000001585971576,1.0000001585971576
0.0005638400000000001,1.0000001589578107,1.0000001589578107
0.0005644800000000001,1.0000001593188732,1.0000001593188732
0.0005651200000000001,1.0000001596803454,1.0000001596803454
0.0005657600000000001,1.0000001600422272,1.0000001600422272
0.0005664000000000001,1.0000001604045186,1.0000001604045186
0.0005670400000000001,1.0000001607672195,1.0000001607672195
0.0005676800000000001,1.0000001611303302,1.0000001611303302
0.0005683200000000001,1.0000001614938503,1.0000001614938503
0.0005689600000000001,1.00000016185778,1.00000016185778
0.0005696000000000001,1.0000001622221195,1.0000001622221195
0.0005702400000000001,1.0000001625868684,1.0000001625868684
0.0005708800000000001,1.000000162952027,1.000000162952027
0.0005715200000000001,1.0000001633175952,1.0000001633175952
0.00057216,1.000000163683573,1.000000163683573
0.0005728,1.0000001640499603,1.0000001640499603
0.0005734400000000001,1.0000001644167573,1.0000001644167573
0.0005740800000000001,1.0000001647839638,1.0000001647839638
0.0005747200000000001,1.0000001651515802,1.0000001651515802
0.0005753600000000001,1.0000001655196058,1.0000001655196058
0.0005760000000000001,1.0000001658880413,1.0000001658880413
0.0005766400000000001,1.0000001662568863,1.0000001662568863
0.0005772800000000001,1.0000001666261409,1.0000001666261409
0.0005779200000000001,1.0000001669958052,1.0000001669958052
0.0005785600000000001,1.000000167365879,1.000000167365879
0.0005792000000000001,1.0000001677363621,1.0000001677363621
0.0005798400000000001,1.0000001681072552,1.0000001681072552
0.0005804800000000001,1.0000001684785578,1.0000001684785578
0.0005811200000000001,1.00000016885027,1.00000016885027
0.0005817600000000001,1.0000001692223917,1.0000001692223917
0.0005824000000000001,1.0000001695949232,1.0000001695949232
0.0005830400000000001,1.0000001699678642,1.0000001699678642
0.00058368,1.0000001703412147,1.0000001703412147
0.00058432,1.0000001707149748,1.0000001707149748
0.0005849600000000001,1.0000001710891446,1.0000001710891446
0.0005856000000000001,1.000000171463724,1.000000171463724
0.0005862400000000001,1.000000171838713,1.000000171838713
0.0005868800000000001,1.0000001722141116,1.0000001722141116
0.0005875200000000001,1.00000017258992,1.00000017258992
0.0005881600000000001,1.0000001729661376,1.0000001729661376
0.0005888000000000001,1.000000173342765,1.000000173342765
0.0005894400000000001,1.000000173719802,1.000000173719802
0.0005900800000000001,1.0000001740972488,1.0000001740972488
0.0005907200000000001,1.0000001744751048,1.0000001744751048
0.0005913600000000001,1.0000001748533707,1.0000001748533707
0.0005920000000000001,1.000000175232046,1.000000175232046
0.0005926400000000001,1.000000175611131,1.000000175611131
0.0005932800000000001,1.0000001759906256,1.0000001759906256
0.0005939200000000001,1.00000017637053,1.00000017637053
0.00059456,1.0000001767508437,1.0000001767508437
0.0005952,1.000000177131567,1.000000177131567
0.0005958400000000001,1.0000001775127,1.0000001775127
0.0005964800000000001,1.0000001778942427,1.0000001778942427
0.0005971200000000001,1.000000178276195,1.000000178276195
0.0005977600000000001,1.0000001786585566,1.0000001786585566
0.0005984000000000001,1.000000179041328,1.000000179041328
0.0005990400000000001,1.000000179424509,1.000000179424509
0.0005996800000000001,1.0000001798080997,1.0000001798080997
0.0006003200000000001,1.0000001801921,1.0000001801921
0.0006009600000000001,1.0000001805765097,1.0000001805765097
0.0006016000000000001,1.000000180961329,1.000000180961329
0.0006022400000000001,1.0000001813465582,1.0000001813465582
0.0006028800000000001,1.0000001817321968,1.0000001817321968
0.0006035200000000001,1.000000182118245,1.000000182118245
0.0006041600000000001,1.000000182504703,1.000000182504703
0.0006048000000000001,1.00000018289157,1.00000018289157
0.0006054400000000001,1.0000001832788472,1.0000001832788472
0.00060608,1.0000001836665338,1.0000001836665338
0.00060672,1.00000018405463,1.00000018405463
0.0006073600000000001,1.0000001844431359,1.0000001844431359
0.0006080000000000001,1.0000001848320512,1.0000001848320512
0.0006086400000000001,1.0000001852213762,1.0000001852213762
0.0006092800000000001,1.000000185611111,1.000000185611111
0.0006099200000000001,1.000000186001255,1.000000186001255
0.0006105600000000001,1.0000001863918089,1.0000001863918089
0.0006112000000000001,1.0000001867827724,1.0000001867827724
0.0006118400000000001,1.0000001871741453,1.0000001871741453
0.0006124800000000001,1.000000187565928,1.000000187565928
0.0006131200000000001,1.0000001879581202,1.0000001879581202
0.0006137600000000001,1.000000188350722,1.000000188350722
0.0006144000000000001,1.0000001887437333,1.0000001887437333
0.0006150400000000001,1.0000001891371546,1.0000001891371546
0.0006156800000000001,1.0000001895309851,1.0000001895309851
0.0006163200000000001,1.0000001899252253,1.0000001899252253
0.0006169600000000001,1.0000001903198752,1.0000001903198752
0.0006176,1.0000001907149345,1.0000001907149345
0.00061824,1.0000001911104035,1.0000001911104035
0.0006188800000000001,1.0000001915062822,1.0000001915062822
0.0006195200000000001,1.0000001919025705,1.0000001919025705
0.0006201600000000001,1.0000001922992683,1.0000001922992683
0.0006208000000000001,1.0000001926963757,1.0000001926963757
0.0006214400000000001,1.0000001930938927,1.0000001930938927
0.0006220800000000001,1.0000001934918195,1.0000001934918195
0.0006227200000000001,1.0000001938901555,1.0000001938901555
0.0006233600000000001,1.0000001942889014,1.0000001942889014
0.0006240000000000001,1.0000001946880568,1.0000001946880568
0.0006246400000000001,1.0000001950876218,1.0000001950876218
0.0006252800000000001,1.0000001954875966,1.0000001954875966
0.0006259200000000001,1.0000001958879807,1.0000001958879807
0.0006265600000000001,1.0000001962887746,1.0000001962887746
0.0006272000000000001,1.000000196689978,1.000000196689978
0.0006278400000000001,1.000000197091591,1.000000197091591
0.0006284800000000001,1.0000001974936137,1.0000001974936137
0.00062912,1.000000197896046,1.000000197896046
0.0006297600000000002,1.0000001982988878,1.0000001982988878
0.0006304000000000001,1.0000001987021392,1.0000001987021392
0.0006310400000000001,1.0000001991058003,1.0000001991058003
0.0006316800000000001,1.0000001995098708,1.0000001995098708
0.0006323200000000001,1.000000199914351,1.000000199914351
0.0006329600000000001,1.000000200319241,1.000000200319241
0.0006336000000000001,1.0000002007245403,1.0000002007245403
0.0006342400000000001,1.0000002011302496,1.0000002011302496
0.0006348800000000001,1.000000201536368,1.000000201536368
0.0006355200000000001,1.0000002019428964,1.0000002019428964
0.0006361600000000001,1.0000002023498342,1.0000002023498342
0.0006368000000000001,1.0000002027571817,1.0000002027571817
0.0006374400000000001,1.0000002031649387,1.0000002031649387
0.0006380800000000001,1.0000002035731055,1.0000002035731055
0.0006387200000000001,1.0000002039816815,1.0000002039816815
0.0006393600000000001,1.0000002043906675,1.0000002043906675
0.00064,1.000000204800063,1.000000204800063
